{
  "naive_lag24": {
    "val_metrics": {
      "MAE": 27.58853600543478,
      "RMSE": 58.152260386855126,
      "MAPE": 16.335514428979646,
      "R2": 0.4260782650540774
    },
    "test_metrics": {
      "MAE": 25.28841388521532,
      "RMSE": 54.38367199574517,
      "MAPE": 15.640233586434139,
      "R2": 0.49805860173717187
    }
  },
  "linear_regression": {
    "val_metrics": {
      "MAE": 13.84314972995258,
      "RMSE": 23.63774247506507,
      "MAPE": 8.376796710891368,
      "R2": 0.9051731192748613
    },
    "test_metrics": {
      "MAE": 12.51063127635364,
      "RMSE": 20.776568513171835,
      "MAPE": 8.10121056256565,
      "R2": 0.926740558861563
    }
  },
  "ridge_1.0": {
    "val_metrics": {
      "MAE": 13.843289857106818,
      "RMSE": 23.636657879473926,
      "MAPE": 8.37731501274397,
      "R2": 0.9051818211597646
    },
    "test_metrics": {
      "MAE": 12.51131760335547,
      "RMSE": 20.77506413958231,
      "MAPE": 8.102156110801937,
      "R2": 0.9267511675025788
    }
  },
  "ridge_10": {
    "val_metrics": {
      "MAE": 13.845816588977401,
      "RMSE": 23.62759412678528,
      "MAPE": 8.382648974674535,
      "R2": 0.9052545254949254
    },
    "test_metrics": {
      "MAE": 12.51826235061094,
      "RMSE": 20.76266724513861,
      "MAPE": 8.110833737761263,
      "R2": 0.9268385594942797
    }
  },
  "decision_tree": {
    "val_metrics": {
      "MAE": 11.300633630046107,
      "RMSE": 22.029259706097914,
      "MAPE": 6.665617098106116,
      "R2": 0.9176394426216073
    },
    "test_metrics": {
      "MAE": 10.124067362446615,
      "RMSE": 19.67936798279978,
      "MAPE": 6.383456630835467,
      "R2": 0.9342738409151751
    }
  },
  "gbr_default": {
    "val_metrics": {
      "MAE": 10.33821062899221,
      "RMSE": 19.865894731800687,
      "MAPE": 6.21483227100411,
      "R2": 0.9330214516157529
    },
    "test_metrics": {
      "MAE": 9.736106008071733,
      "RMSE": 16.360206422571725,
      "MAPE": 6.761055732046577,
      "R2": 0.954575148269372
    }
  },
  "gbr_tuned": {
    "val_metrics": {
      "MAE": 10.084118510303066,
      "RMSE": 19.40532651109548,
      "MAPE": 6.063886641374559,
      "R2": 0.9360910944504625
    },
    "test_metrics": {
      "MAE": 9.542104900436676,
      "RMSE": 16.04526573917304,
      "MAPE": 6.522060852439375,
      "R2": 0.9563072088570468
    }
  },
  "_final": "gbr_tuned"
}