{
  "1": {
    "_final": "gbr_tuned",
    "runs": {
      "naive_last": {
        "val_metrics": {
          "MAE": 1062.5475869565216,
          "RMSE": 1423.8425852998082,
          "MAPE": 29.609622991203942,
          "R2": -0.44961673055466655
        },
        "test_metrics": {
          "MAE": 958.185239596052,
          "RMSE": 1361.9318015598003,
          "MAPE": 26.937519554244805,
          "R2": -0.13663227899514152
        }
      },
      "linear_regression": {
        "val_metrics": {
          "MAE": 603.5202410687476,
          "RMSE": 756.9915196003197,
          "MAPE": 17.842465890051667,
          "R2": 0.5902572619754904
        },
        "test_metrics": {
          "MAE": 647.5543229207093,
          "RMSE": 835.1436458419522,
          "MAPE": 22.258383668621594,
          "R2": 0.5726028461191444
        }
      },
      "ridge_1.0": {
        "val_metrics": {
          "MAE": 603.5299486474969,
          "RMSE": 756.2045242586171,
          "MAPE": 17.83526440420829,
          "R2": 0.5911087853926027
        },
        "test_metrics": {
          "MAE": 647.0151473186386,
          "RMSE": 833.4303869507603,
          "MAPE": 22.229465948676445,
          "R2": 0.5743546187565424
        }
      },
      "ridge_10": {
        "val_metrics": {
          "MAE": 608.8104893373708,
          "RMSE": 758.0802778490521,
          "MAPE": 17.958705547819417,
          "R2": 0.5890777729370544
        },
        "test_metrics": {
          "MAE": 647.3525035734131,
          "RMSE": 828.2379473722342,
          "MAPE": 22.171472489204717,
          "R2": 0.5796418104782218
        }
      },
      "decision_tree": {
        "val_metrics": {
          "MAE": 479.3407347999609,
          "RMSE": 693.1237932438529,
          "MAPE": 13.445075928097062,
          "R2": 0.6564809298865083
        },
        "test_metrics": {
          "MAE": 689.3807952390066,
          "RMSE": 903.9824584113463,
          "MAPE": 23.51065605060598,
          "R2": 0.4992404161809174
        }
      },
      "gbr_default": {
        "val_metrics": {
          "MAE": 445.04520636327106,
          "RMSE": 594.4366363300977,
          "MAPE": 12.15086233439754,
          "R2": 0.7473377421441956
        },
        "test_metrics": {
          "MAE": 586.9657641010307,
          "RMSE": 755.587006330587,
          "MAPE": 20.917920688263568,
          "R2": 0.6501529427536565
        }
      },
      "gbr_tuned": {
        "val_metrics": {
          "MAE": 423.1400364974903,
          "RMSE": 585.2638419815208,
          "MAPE": 11.342554513396761,
          "R2": 0.7550752775465321
        },
        "test_metrics": {
          "MAE": 587.4517238312986,
          "RMSE": 751.8914795382988,
          "MAPE": 20.908700427423803,
          "R2": 0.6535667322789616
        }
      }
    }
  },
  "7": {
    "_final": "gbr_tuned",
    "runs": {
      "naive_last": {
        "val_metrics": {
          "MAE": 6021.49618478261,
          "RMSE": 7426.851827289319,
          "MAPE": 22.878537237494534,
          "R2": -0.8652736096210596
        },
        "test_metrics": {
          "MAE": 4994.06044469882,
          "RMSE": 6532.466462785942,
          "MAPE": 18.220892489203873,
          "R2": 0.049324510215848716
        }
      },
      "naive_season": {
        "val_metrics": {
          "MAE": 3935.0161304347826,
          "RMSE": 5310.269695513801,
          "MAPE": 16.62728268536386,
          "R2": 0.046400128874762414
        },
        "test_metrics": {
          "MAE": 2498.8643945105823,
          "RMSE": 3839.087172445594,
          "MAPE": 10.268130532379567,
          "R2": 0.6716523845236317
        }
      },
      "linear_regression": {
        "val_metrics": {
          "MAE": 3348.868246312515,
          "RMSE": 4204.834855893563,
          "MAPE": 13.944008157722774,
          "R2": 0.4020967498762019
        },
        "test_metrics": {
          "MAE": 3334.275874093615,
          "RMSE": 4297.190959861598,
          "MAPE": 16.60245137462851,
          "R2": 0.588616161223444
        }
      },
      "ridge_1.0": {
        "val_metrics": {
          "MAE": 3341.1443459739016,
          "RMSE": 4200.41720264387,
          "MAPE": 13.921926343007573,
          "R2": 0.4033524195133018
        },
        "test_metrics": {
          "MAE": 3337.017819973074,
          "RMSE": 4301.255350315637,
          "MAPE": 16.62015210138035,
          "R2": 0.5878375990026039
        }
      },
      "ridge_10": {
        "val_metrics": {
          "MAE": 3346.617972934635,
          "RMSE": 4215.370284494027,
          "MAPE": 13.985391552767584,
          "R2": 0.39909684207471907
        },
        "test_metrics": {
          "MAE": 3356.164448772241,
          "RMSE": 4329.295344400868,
          "MAPE": 16.749690133977737,
          "R2": 0.5824462884973389
        }
      },
      "decision_tree": {
        "val_metrics": {
          "MAE": 3715.6617322498964,
          "RMSE": 4686.977959979313,
          "MAPE": 14.194696735459383,
          "R2": 0.25711968661726126
        },
        "test_metrics": {
          "MAE": 4641.655160931539,
          "RMSE": 5847.995216463915,
          "MAPE": 22.75449234895915,
          "R2": 0.23811059013368663
        }
      },
      "gbr_default": {
        "val_metrics": {
          "MAE": 2909.6716536168856,
          "RMSE": 3647.4142923902673,
          "MAPE": 11.543132594584218,
          "R2": 0.550113233985382
        },
        "test_metrics": {
          "MAE": 3845.2466620486175,
          "RMSE": 5241.587242689926,
          "MAPE": 20.519760457071058,
          "R2": 0.38792652802204297
        }
      },
      "gbr_tuned": {
        "val_metrics": {
          "MAE": 2852.882507740882,
          "RMSE": 3563.6472350238005,
          "MAPE": 11.199705306108212,
          "R2": 0.5705402762531069
        },
        "test_metrics": {
          "MAE": 3810.7205909994555,
          "RMSE": 5224.231715237858,
          "MAPE": 20.378530149477626,
          "R2": 0.39197311569586
        }
      }
    }
  },
  "30": {
    "_final": "gbr_default",
    "runs": {
      "naive_last": {
        "val_metrics": {
          "MAE": 32226.683228260874,
          "RMSE": 36960.436101825995,
          "MAPE": 28.62415331503925,
          "R2": -4.358094515417717
        },
        "test_metrics": {
          "MAE": 25997.85927958384,
          "RMSE": 31576.968891854685,
          "MAPE": 23.30132398987644,
          "R2": -0.5333178421043165
        }
      },
      "naive_season": {
        "val_metrics": {
          "MAE": 21329.502066770183,
          "RMSE": 26286.113338790394,
          "MAPE": 19.463365164895336,
          "R2": -1.710122667539518
        },
        "test_metrics": {
          "MAE": 15737.846174272487,
          "RMSE": 20800.38947203256,
          "MAPE": 15.524947846866347,
          "R2": 0.3346743843428648
        }
      },
      "linear_regression": {
        "val_metrics": {
          "MAE": 12582.71765000752,
          "RMSE": 14893.524770391377,
          "MAPE": 11.34203419725654,
          "R2": 0.1299761051072359
        },
        "test_metrics": {
          "MAE": 18379.911492335337,
          "RMSE": 24469.81114121725,
          "MAPE": 22.10145986376513,
          "R2": 0.0792270641041658
        }
      },
      "ridge_1.0": {
        "val_metrics": {
          "MAE": 12561.136494591288,
          "RMSE": 14897.697735282569,
          "MAPE": 11.322653130736121,
          "R2": 0.1294884988698224
        },
        "test_metrics": {
          "MAE": 18357.652631418783,
          "RMSE": 24439.3002938766,
          "MAPE": 22.07935164127615,
          "R2": 0.08152181396639613
        }
      },
      "ridge_10": {
        "val_metrics": {
          "MAE": 12464.208394927722,
          "RMSE": 14935.129805181485,
          "MAPE": 11.251282805555023,
          "R2": 0.12510849537423008
        },
        "test_metrics": {
          "MAE": 18186.115258743936,